"name","ipv4address","enabled","distinguishedname","description","LastLogonDate","OperatingSystem"
"UTO516784953","None Found","False","CN=UTO516784953,OU=UTO.CareDSPoly.Computers,OU=UTO.CareDSPoly,OU=UTO,DC=asurite,DC=ad,DC=asu,DC=edu",,"2/7/2019 11:12:05 AM","Windows 10 Enterprise"
"UTODSP4143291","None Found","True","CN=UTODSP4143291,OU=UTO.CareDSPoly.Computers,OU=UTO.CareDSPoly,OU=UTO,DC=asurite,DC=ad,DC=asu,DC=edu","Mitchell Faherty \ Latitude 7480 \ 3H3R2H2","8/25/2021 11:38:49 AM","Windows 10 Enterprise"
"UTODSP4084922","None Found","True","CN=UTODSP4084922,OU=UTO.CareDSPoly.Computers,OU=UTO.CareDSPoly,OU=UTO,DC=asurite,DC=ad,DC=asu,DC=edu","DSS PolyTechnic Loaner \ Dell Inc. Optiplex 9010 AIO","3/21/2019 9:40:23 AM","Windows 10 Enterprise"
"UTODSP4093954","None Found","True","CN=UTODSP4093954,OU=UTO.CareDSPoly.Computers,OU=UTO.CareDSPoly,OU=UTO,DC=asurite,DC=ad,DC=asu,DC=edu","Poly Classrooms Support ASU Sync Computer","8/16/2021 9:06:44 AM","Windows 10 Enterprise"
"UTODSP4093952","None Found","True","CN=UTODSP4093952,OU=UTO.CareDSPoly.Computers,OU=UTO.CareDSPoly,OU=UTO,DC=asurite,DC=ad,DC=asu,DC=edu","Poly Classrooms Support ASU Sync Computer","8/15/2021 5:40:24 PM","Windows 10 Enterprise"
"UTOdsp4108618v2","None Found","True","CN=UTOdsp4108618v2,OU=UTO.CareDSPoly.Computers,OU=UTO.CareDSPoly,OU=UTO,DC=asurite,DC=ad,DC=asu,DC=edu",,"12/11/2017 9:24:37 AM","Windows 10 Enterprise"
"UTODSP4060131V1","None Found","True","CN=UTODSP4060131V1,OU=UTO.CareDSPoly.Computers,OU=UTO.CareDSPoly,OU=UTO,DC=asurite,DC=ad,DC=asu,DC=edu",,"6/21/2019 1:43:56 PM","Windows 10 Enterprise"
"UTOdsp4108772","None Found","True","CN=UTOdsp4108772,OU=UTO.CareDSPoly.Computers,OU=UTO.CareDSPoly,OU=UTO,DC=asurite,DC=ad,DC=asu,DC=edu","Shahin Rezai / Apple iMac 27 inch Late 2012 / D25KJ1Z5DNMP","1/28/2019 9:20:17 AM","Mac OS X"
"UTODSPGG9R2H2","None Found","True","CN=UTODSPGG9R2H2,OU=UTO.CareDSPoly.Computers,OU=UTO.CareDSPoly,OU=UTO,DC=asurite,DC=ad,DC=asu,DC=edu","Daniel Camargo \ GG9R2H2 \ Dell Inc. Latitude 7480","9/17/2021 10:39:51 AM","Windows 10 Enterprise"
"UTO4143347","None Found","True","CN=UTO4143347,OU=UTO.CareDSPoly.Computers,OU=UTO.CareDSPoly,OU=UTO,DC=asurite,DC=ad,DC=asu,DC=edu","11YQ2H2 \ Dell Inc. Latitude 7480","9/20/2021 11:44:58 AM","Windows 10 Enterprise"
"UTO4167454","None Found","True","CN=UTO4167454,OU=UTO.CareDSPoly.Computers,OU=UTO.CareDSPoly,OU=UTO,DC=asurite,DC=ad,DC=asu,DC=edu",,"9/21/2021 8:16:13 AM","Windows 10 Enterprise"
"UTODSP4084966","None Found","True","CN=UTODSP4084966,OU=UTO.CareDSPoly.Computers,OU=UTO.CareDSPoly,OU=UTO,DC=asurite,DC=ad,DC=asu,DC=edu","Front Desk \ Apple iMac 24 \ C0ZKMGXXDNCR","5/18/2017 2:51:26 AM","Mac OS X"
"UTO4155156","None Found","True","CN=UTO4155156,OU=UTO.CareDSPoly.Computers,OU=UTO.CareDSPoly,OU=UTO,DC=asurite,DC=ad,DC=asu,DC=edu",,"9/21/2021 10:50:21 AM","Windows 10 Enterprise"
"UTODSP4092785","None Found","True","CN=UTODSP4092785,OU=UTO.CareDSPoly.Computers,OU=UTO.CareDSPoly,OU=UTO,DC=asurite,DC=ad,DC=asu,DC=edu",,"7/15/2021 11:44:59 AM","Windows 10 Enterprise"
"UTODSP4102569","None Found","True","CN=UTODSP4102569,OU=UTO.CareDSPoly.Computers,OU=UTO.CareDSPoly,OU=UTO,DC=asurite,DC=ad,DC=asu,DC=edu",,"2/7/2019 2:28:33 PM","Windows 10 Enterprise"
"UTO4069082","None Found","True","CN=UTO4069082,OU=UTO.CareDSPoly.Computers,OU=UTO.CareDSPoly,OU=UTO,DC=asurite,DC=ad,DC=asu,DC=edu",,"3/6/2020 1:50:02 PM","Windows 10 Enterprise"
"UTO4123541","None Found","True","CN=UTO4123541,OU=UTO.CareDSPoly.Computers,OU=UTO.CareDSPoly,OU=UTO,DC=asurite,DC=ad,DC=asu,DC=edu",,"3/6/2020 1:50:07 PM","Windows 10 Enterprise"
"UTODSP4092798","None Found","True","CN=UTODSP4092798,OU=UTO.CareDSPoly.Computers,OU=UTO.CareDSPoly,OU=UTO,DC=asurite,DC=ad,DC=asu,DC=edu","7L1HTR1 \ 4092798 - Dell Inc. OptiPlex 990","7/9/2021 3:57:45 PM","Windows 10 Enterprise"
"UTODSP4084946","None Found","True","CN=UTODSP4084946,OU=UTO.CareDSPoly.Computers,OU=UTO.CareDSPoly,OU=UTO,DC=asurite,DC=ad,DC=asu,DC=edu","Michael Detwiler \ Dell Inc.  OptiPlex 9010 \ 7G08PW1","9/17/2021 10:44:36 AM","Windows 10 Enterprise"
"UTODSP4059965","None Found","True","CN=UTODSP4059965,OU=UTO.CareDSPoly.Computers,OU=UTO.CareDSPoly,OU=UTO,DC=asurite,DC=ad,DC=asu,DC=edu","MsPacman / OptiPlex 780 / DB6YPM1","4/16/2019 10:27:17 AM","Windows 10 Enterprise"
"UTODSP4092894","None Found","True","CN=UTODSP4092894,OU=UTO.CareDSPoly.Computers,OU=UTO.CareDSPoly,OU=UTO,DC=asurite,DC=ad,DC=asu,DC=edu","7L2GTR1 \ 4092894 - Dell Inc. OptiPlex 990","12/27/2019 6:01:39 AM","Windows 10 Enterprise"
"UTODSP4108617","None Found","True","CN=UTODSP4108617,OU=UTO.CareDSPoly.Computers,OU=UTO.CareDSPoly,OU=UTO,DC=asurite,DC=ad,DC=asu,DC=edu","Jake Burgraff\ Dell Inc.  OptiPlex 9020 \ 2GLBF42","9/22/2021 10:18:32 AM","Windows 10 Enterprise"
"UTO4155091","None Found","True","CN=UTO4155091,OU=UTO.CareDSPoly.Computers,OU=UTO.CareDSPoly,OU=UTO,DC=asurite,DC=ad,DC=asu,DC=edu","Dell 7050 SFF - Cooley Ballroom Conference Room B","9/24/2021 11:56:20 AM","Windows 10 Enterprise"
"UTO4155141","None Found","True","CN=UTO4155141,OU=UTO.CareDSPoly.Computers,OU=UTO.CareDSPoly,OU=UTO,DC=asurite,DC=ad,DC=asu,DC=edu",,"9/15/2021 10:07:12 AM","Windows 10 Enterprise"
"UTODSP4079957","None Found","True","CN=UTODSP4079957,OU=UTO.CareDSPoly.Computers,OU=UTO.CareDSPoly,OU=UTO,DC=asurite,DC=ad,DC=asu,DC=edu","ASU Chandler Innovation Center (ACIC) Room 113 \ Dell Inc. Optiplex 790 \  99PP8V1","9/24/2021 8:47:15 AM","Windows 10 Enterprise"
"UTODSP4084923","None Found","True","CN=UTODSP4084923,OU=UTO.CareDSPoly.Computers,OU=UTO.CareDSPoly,OU=UTO,DC=asurite,DC=ad,DC=asu,DC=edu","ECS PolyTechnic Loaner \ Dell Inc. Optiplex 9010 AIO","12/5/2019 8:52:26 AM","Windows 10 Enterprise"
"UTODSP4060131","None Found","True","CN=UTODSP4060131,OU=UTO.CareDSPoly.Computers,OU=UTO.CareDSPoly,OU=UTO,DC=asurite,DC=ad,DC=asu,DC=edu",,"6/28/2019 4:45:13 PM","Windows 10 Enterprise"
"RL-2VPD3C2","None Found","True","CN=RL-2VPD3C2,OU=UTO.CareDSPoly.Computers,OU=UTO.CareDSPoly,OU=UTO,DC=asurite,DC=ad,DC=asu,DC=edu","2VPD3C2 \ Dell Inc. OptiPlex 5040","8/12/2021 9:36:47 AM","Windows 10 Enterprise"
"UTODSP4085000","None Found","True","CN=UTODSP4085000,OU=UTO.CareDSPoly.Computers,OU=UTO.CareDSPoly,OU=UTO,DC=asurite,DC=ad,DC=asu,DC=edu","DSS PolyTechnic Loaner \ Dell Inc. Optiplex 9010 AIO","5/21/2019 10:15:06 AM","Windows 10 Enterprise"
"UTODSP4097407","None Found","True","CN=UTODSP4097407,OU=UTO.CareDSPoly.Computers,OU=UTO.CareDSPoly,OU=UTO,DC=asurite,DC=ad,DC=asu,DC=edu","Poly Classrooms Support - Robert Lane","2/24/2021 7:22:14 AM","Windows 10 Enterprise"
"UTODSP4155151","None Found","True","CN=UTODSP4155151,OU=UTO.CareDSPoly.Computers,OU=UTO.CareDSPoly,OU=UTO,DC=asurite,DC=ad,DC=asu,DC=edu",,"9/21/2021 2:43:04 PM","Windows 10 Enterprise"
"UTODSP4155152","None Found","True","CN=UTODSP4155152,OU=UTO.CareDSPoly.Computers,OU=UTO.CareDSPoly,OU=UTO,DC=asurite,DC=ad,DC=asu,DC=edu",,"7/17/2019 2:16:17 PM","Windows 10 Enterprise"
"UTODSP4108631","None Found","True","CN=UTODSP4108631,OU=UTO.CareDSPoly.Computers,OU=UTO.CareDSPoly,OU=UTO,DC=asurite,DC=ad,DC=asu,DC=edu",,"5/25/2021 2:45:14 PM","Windows 10 Enterprise"
"UTODSP4155153","None Found","True","CN=UTODSP4155153,OU=UTO.CareDSPoly.Computers,OU=UTO.CareDSPoly,OU=UTO,DC=asurite,DC=ad,DC=asu,DC=edu",,"7/5/2019 9:24:49 AM","Windows 10 Enterprise"
"UTODS4084925","None Found","True","CN=UTODS4084925,OU=UTO.CareDSPoly.Computers,OU=UTO.CareDSPoly,OU=UTO,DC=asurite,DC=ad,DC=asu,DC=edu",,"4/21/2021 2:52:36 PM","Windows 10 Enterprise"
"UTODSP4155150","None Found","True","CN=UTODSP4155150,OU=UTO.CareDSPoly.Computers,OU=UTO.CareDSPoly,OU=UTO,DC=asurite,DC=ad,DC=asu,DC=edu",,"9/24/2021 10:24:44 AM","Windows 10 Enterprise"
"UTODSP4155154","None Found","True","CN=UTODSP4155154,OU=UTO.CareDSPoly.Computers,OU=UTO.CareDSPoly,OU=UTO,DC=asurite,DC=ad,DC=asu,DC=edu",,"4/17/2020 7:21:41 AM","Windows 10 Enterprise"
"UTOdsp4090698V1","None Found","True","CN=UTOdsp4090698V1,OU=UTO.CareDSPoly.Computers,OU=UTO.CareDSPoly,OU=UTO,DC=asurite,DC=ad,DC=asu,DC=edu","VMware-56 4d 01 57 9e bf c4 ad-15 0c 25 8a f8 bf 80 87 \ 4090698 - VMware, Inc. VMware Virtual Platform","3/12/2018 9:53:24 AM","Windows 10 Enterprise"
"UTO4084958","None Found","True","CN=UTO4084958,OU=UTO.CareDSPoly.Computers,OU=UTO.CareDSPoly,OU=UTO,DC=asurite,DC=ad,DC=asu,DC=edu","2591431953 \ Microsoft Corporation Surface with Windows 8 Pro","5/18/2021 4:47:29 PM","Windows 10 Enterprise"
"UTODSP4155156","None Found","True","CN=UTODSP4155156,OU=UTO.CareDSPoly.Computers,OU=UTO.CareDSPoly,OU=UTO,DC=asurite,DC=ad,DC=asu,DC=edu",,"7/5/2019 9:46:57 AM","Windows 10 Enterprise"
"UTOEMAILVM2","None Found","True","CN=UTOEMAILVM2,OU=UTO.CareDSPoly.Computers,OU=UTO.CareDSPoly,OU=UTO,DC=asurite,DC=ad,DC=asu,DC=edu",,"1/8/2021 3:14:00 PM","Windows 10 Enterprise"
"UTOdsp4090715","None Found","True","CN=UTOdsp4090715,OU=UTO.CareDSPoly.Computers,OU=UTO.CareDSPoly,OU=UTO,DC=asurite,DC=ad,DC=asu,DC=edu","DigDug \ Dell Inc. OptiPlex  7010 \ DR45GX1","3/14/2019 3:25:10 PM","Windows 10 Enterprise"
"UTO4080631","None Found","True","CN=UTO4080631,OU=UTO.CareDSPoly.Computers,OU=UTO.CareDSPoly,OU=UTO,DC=asurite,DC=ad,DC=asu,DC=edu",,"5/18/2021 3:53:44 PM","Windows 10 Enterprise"
"UTODSP4155145","None Found","True","CN=UTODSP4155145,OU=UTO.CareDSPoly.Computers,OU=UTO.CareDSPoly,OU=UTO,DC=asurite,DC=ad,DC=asu,DC=edu",,"9/24/2021 11:54:09 AM","Windows 10 Enterprise"
"UTODSP4074258","None Found","False","CN=UTODSP4074258,OU=UTO.CareDSPoly.Computers,OU=UTO.CareDSPoly,OU=UTO,DC=asurite,DC=ad,DC=asu,DC=edu","DUPLICATE OBJECT oF UTODSP4074251","2/15/2019 2:21:29 PM","Windows 10 Enterprise"
"UTODSP4155146","None Found","True","CN=UTODSP4155146,OU=UTO.CareDSPoly.Computers,OU=UTO.CareDSPoly,OU=UTO,DC=asurite,DC=ad,DC=asu,DC=edu",,"7/3/2019 3:43:44 PM","Windows 10 Enterprise"
"UTODSPC4155145","None Found","True","CN=UTODSPC4155145,OU=UTO.CareDSPoly.Computers,OU=UTO.CareDSPoly,OU=UTO,DC=asurite,DC=ad,DC=asu,DC=edu",,"9/24/2021 12:38:38 PM","Windows 10 Enterprise"
"UTODSP4155158","None Found","True","CN=UTODSP4155158,OU=UTO.CareDSPoly.Computers,OU=UTO.CareDSPoly,OU=UTO,DC=asurite,DC=ad,DC=asu,DC=edu",,"7/9/2019 9:07:00 AM","Windows 10 Enterprise"
"UTODSP4155157","None Found","True","CN=UTODSP4155157,OU=UTO.CareDSPoly.Computers,OU=UTO.CareDSPoly,OU=UTO,DC=asurite,DC=ad,DC=asu,DC=edu",,"10/11/2019 1:30:23 PM","Windows 10 Enterprise"
"UTODSP4155159","None Found","True","CN=UTODSP4155159,OU=UTO.CareDSPoly.Computers,OU=UTO.CareDSPoly,OU=UTO,DC=asurite,DC=ad,DC=asu,DC=edu",,"7/9/2019 9:24:29 AM","Windows 10 Enterprise"
"UTODSP4092794","None Found","True","CN=UTODSP4092794,OU=UTO.CareDSPoly.Computers,OU=UTO.CareDSPoly,OU=UTO,DC=asurite,DC=ad,DC=asu,DC=edu",,"1/15/2020 10:23:05 AM","Windows 10 Enterprise"
"UTOdsp4074251","None Found","False","CN=UTOdsp4074251,OU=UTO.CareDSPoly.Computers,OU=UTO.CareDSPoly,OU=UTO,DC=asurite,DC=ad,DC=asu,DC=edu","3XLDKQ1 \ 4074251 - Dell Inc. OptiPlex 790","5/12/2017 12:31:29 AM","Windows 7 Enterprise"
"UTO4155090","None Found","True","CN=UTO4155090,OU=UTO.CareDSPoly.Computers,OU=UTO.CareDSPoly,OU=UTO,DC=asurite,DC=ad,DC=asu,DC=edu","Dell 7050 SFF - Cooley Ballroom Conference Room A","9/17/2021 11:29:44 PM","Windows 10 Enterprise"
"UTODSP4155149","None Found","True","CN=UTODSP4155149,OU=UTO.CareDSPoly.Computers,OU=UTO.CareDSPoly,OU=UTO,DC=asurite,DC=ad,DC=asu,DC=edu",,"7/3/2019 4:27:23 PM","Windows 10 Enterprise"
"UTODSP4155148","None Found","True","CN=UTODSP4155148,OU=UTO.CareDSPoly.Computers,OU=UTO.CareDSPoly,OU=UTO,DC=asurite,DC=ad,DC=asu,DC=edu",,"4/17/2020 7:16:44 AM","Windows 10 Enterprise"
"UTODSP4123533","None Found","True","CN=UTODSP4123533,OU=UTO.CareDSPoly.Computers,OU=UTO.CareDSPoly,OU=UTO,DC=asurite,DC=ad,DC=asu,DC=edu",,"3/5/2020 12:20:20 PM","Windows 10 Enterprise"
"UTODSP4093953","None Found","True","CN=UTODSP4093953,OU=UTO.CareDSPoly.Computers,OU=UTO.CareDSPoly,OU=UTO,DC=asurite,DC=ad,DC=asu,DC=edu","Poly Classrooms Support ASU Sync Computer","8/15/2021 8:42:50 AM","Windows 10 Enterprise"
"UTODSP4118897","None Found","True","CN=UTODSP4118897,OU=UTO.CareDSPoly.Computers,OU=UTO.CareDSPoly,OU=UTO,DC=asurite,DC=ad,DC=asu,DC=edu",,"9/16/2021 8:15:43 AM","Windows 10 Enterprise"
"UTODSPC","None Found","True","CN=UTODSPC,OU=UTO.CareDSPoly.Computers,OU=UTO.CareDSPoly,OU=UTO,DC=asurite,DC=ad,DC=asu,DC=edu",,"9/24/2021 11:08:15 AM","Windows 10 Enterprise"
"UTODSP4143293","None Found","True","CN=UTODSP4143293,OU=UTO.CareDSPoly.Computers,OU=UTO.CareDSPoly,OU=UTO,DC=asurite,DC=ad,DC=asu,DC=edu",,"3/5/2020 12:32:11 PM","Windows 10 Enterprise"
"UTO4167453","None Found","True","CN=UTO4167453,OU=UTO.CareDSPoly.Computers,OU=UTO.CareDSPoly,OU=UTO,DC=asurite,DC=ad,DC=asu,DC=edu",,"9/7/2021 6:41:24 AM","Windows 10 Enterprise"
"UTOdsp4108618V1","None Found","True","CN=UTOdsp4108618V1,OU=UTO.CareDSPoly.Computers,OU=UTO.CareDSPoly,OU=UTO,DC=asurite,DC=ad,DC=asu,DC=edu","Dominic Smith \ Virtual Machine","9/17/2021 8:07:14 PM","Windows 10 Enterprise"
"UTODSP4093949","None Found","True","CN=UTODSP4093949,OU=UTO.CareDSPoly.Computers,OU=UTO.CareDSPoly,OU=UTO,DC=asurite,DC=ad,DC=asu,DC=edu","Poly Classrooms Support Clock-in PC","9/17/2021 12:34:09 AM","Windows 10 Enterprise"
"UTODSP4090701v2","None Found","True","CN=UTODSP4090701v2,OU=UTO.CareDSPoly.Computers,OU=UTO.CareDSPoly,OU=UTO,DC=asurite,DC=ad,DC=asu,DC=edu",,"6/26/2018 9:50:01 AM","Windows 10 Enterprise"
"UTODSP4155224","None Found","True","CN=UTODSP4155224,OU=UTO.CareDSPoly.Computers,OU=UTO.CareDSPoly,OU=UTO,DC=asurite,DC=ad,DC=asu,DC=edu",,"8/30/2021 11:07:56 AM","Windows 10 Enterprise"
"UTO4121502","None Found","True","CN=UTO4121502,OU=UTO.CareDSPoly.Computers,OU=UTO.CareDSPoly,OU=UTO,DC=asurite,DC=ad,DC=asu,DC=edu","Derrick Shuman \ Lat. E7270 \ FXJZQ72","9/24/2021 11:00:23 AM","Windows 10 Enterprise"
"UTO4084925","None Found","True","CN=UTO4084925,OU=UTO.CareDSPoly.Computers,OU=UTO.CareDSPoly,OU=UTO,DC=asurite,DC=ad,DC=asu,DC=edu",,"4/21/2021 3:11:50 PM","Windows 10 Enterprise"
"UTODSP4108631V1","None Found","True","CN=UTODSP4108631V1,OU=UTO.CareDSPoly.Computers,OU=UTO.CareDSPoly,OU=UTO,DC=asurite,DC=ad,DC=asu,DC=edu","VM used for testing and guide making purposes.","11/15/2019 8:10:41 AM","Windows 10 Enterprise"
"UTO4090698","None Found","True","CN=UTO4090698,OU=UTO.CareDSPoly.Computers,OU=UTO.CareDSPoly,OU=UTO,DC=asurite,DC=ad,DC=asu,DC=edu",,"9/19/2021 8:52:39 AM","Windows 10 Enterprise"
"UTO4084928","None Found","True","CN=UTO4084928,OU=UTO.CareDSPoly.Computers,OU=UTO.CareDSPoly,OU=UTO,DC=asurite,DC=ad,DC=asu,DC=edu",,"4/21/2021 3:25:38 PM","Windows 10 Enterprise"
"UTODSP4090701","None Found","True","CN=UTODSP4090701,OU=UTO.CareDSPoly.Computers,OU=UTO.CareDSPoly,OU=UTO,DC=asurite,DC=ad,DC=asu,DC=edu","DR46GX1 \ 4090701 - Dell Inc. OptiPlex 7010","9/24/2021 2:04:13 PM","Windows 10 Enterprise"
"UTO4090701","None Found","True","CN=UTO4090701,OU=UTO.CareDSPoly.Computers,OU=UTO.CareDSPoly,OU=UTO,DC=asurite,DC=ad,DC=asu,DC=edu",,"7/7/2021 9:35:07 AM","Windows 10 Enterprise"
"UTODSP4093947","None Found","True","CN=UTODSP4093947,OU=UTO.CareDSPoly.Computers,OU=UTO.CareDSPoly,OU=UTO,DC=asurite,DC=ad,DC=asu,DC=edu","Poly Classrooms Support Clock-in PC","9/20/2021 4:07:01 PM","Windows 10 Enterprise"
"UTODSP4084925","None Found","True","CN=UTODSP4084925,OU=UTO.CareDSPoly.Computers,OU=UTO.CareDSPoly,OU=UTO,DC=asurite,DC=ad,DC=asu,DC=edu","DSS PolyTechnic Loaner \ Dell Inc. Optiplex 9010 AIO","6/26/2019 2:07:51 PM","Windows 10 Enterprise"
"UTO4074197","None Found","True","CN=UTO4074197,OU=UTO.CareDSPoly.Computers,OU=UTO.CareDSPoly,OU=UTO,DC=asurite,DC=ad,DC=asu,DC=edu",,"6/21/2019 10:24:07 AM","Windows 10 Enterprise"
"UTODSP4155141","None Found","False","CN=UTODSP4155141,OU=UTO.CareDSPoly.Computers,OU=UTO.CareDSPoly,OU=UTO,DC=asurite,DC=ad,DC=asu,DC=edu",,"6/29/2020 10:45:10 AM","Windows 10 Enterprise"
"Uto4143669","None Found","True","CN=Uto4143669,OU=UTO.CareDSPoly.Computers,OU=UTO.CareDSPoly,OU=UTO,DC=asurite,DC=ad,DC=asu,DC=edu",,"3/10/2020 11:23:28 AM","Windows 10 Enterprise"
"UTODSP4092795","None Found","True","CN=UTODSP4092795,OU=UTO.CareDSPoly.Computers,OU=UTO.CareDSPoly,OU=UTO,DC=asurite,DC=ad,DC=asu,DC=edu","7KYJTR1 \ 4092795 - Dell Inc. OptiPlex 990","9/26/2019 4:28:02 AM","Windows 10 Enterprise"
"UTODSP4102795","None Found","True","CN=UTODSP4102795,OU=UTO.CareDSPoly.Computers,OU=UTO.CareDSPoly,OU=UTO,DC=asurite,DC=ad,DC=asu,DC=edu","7KXKTR1 \ Dell Inc. OptiPlex 990","12/3/2018 3:36:05 PM","Windows 10 Enterprise"
"UTODSP4155182","None Found","True","CN=UTODSP4155182,OU=UTO.CareDSPoly.Computers,OU=UTO.CareDSPoly,OU=UTO,DC=asurite,DC=ad,DC=asu,DC=edu",,"3/5/2020 10:03:29 AM","Windows 10 Enterprise"
"UTO4108631","10.202.71.164","True","CN=UTO4108631,OU=UTO.CareDSPoly.Computers,OU=UTO.CareDSPoly,OU=UTO,DC=asurite,DC=ad,DC=asu,DC=edu",,"9/26/2021 12:41:26 PM","Windows 10 Enterprise"
"UTODSP4092895","None Found","True","CN=UTODSP4092895,OU=UTO.CareDSPoly.Computers,OU=UTO.CareDSPoly,OU=UTO,DC=asurite,DC=ad,DC=asu,DC=edu","7L1STR1 \ 4092895 - Dell Inc. OptiPlex 990","1/30/2020 10:26:59 AM","Windows 10 Enterprise"
"UTOD4155156","None Found","True","CN=UTOD4155156,OU=UTO.CareDSPoly.Computers,OU=UTO.CareDSPoly,OU=UTO,DC=asurite,DC=ad,DC=asu,DC=edu",,"8/30/2021 10:45:01 AM","Windows 10 Enterprise"
"UTODSP4080630","None Found","True","CN=UTODSP4080630,OU=UTO.CareDSPoly.Computers,OU=UTO.CareDSPoly,OU=UTO,DC=asurite,DC=ad,DC=asu,DC=edu",,"7/18/2018 2:02:28 PM","Windows 10 Enterprise"
"UTODSP4108618","None Found","True","CN=UTODSP4108618,OU=UTO.CareDSPoly.Computers,OU=UTO.CareDSPoly,OU=UTO,DC=asurite,DC=ad,DC=asu,DC=edu","2GL9F42 \ 4108618 - Dell Inc. OptiPlex 9020","9/18/2021 11:10:35 AM","Windows 10 Enterprise"
"UTO4090707","None Found","True","CN=UTO4090707,OU=UTO.CareDSPoly.Computers,OU=UTO.CareDSPoly,OU=UTO,DC=asurite,DC=ad,DC=asu,DC=edu","149GGX1 \ Dell Inc. OptiPlex 9010","9/16/2021 6:52:27 PM","Windows 10 Enterprise"
"UTODSP4090698","None Found","True","CN=UTODSP4090698,OU=UTO.CareDSPoly.Computers,OU=UTO.CareDSPoly,OU=UTO,DC=asurite,DC=ad,DC=asu,DC=edu","H4NZFX1 \ 4090698 - Dell Inc. OptiPlex 7010","8/8/2018 5:44:05 AM","Windows 10 Enterprise"
"UTODSP4084906","None Found","True","CN=UTODSP4084906,OU=UTO.CareDSPoly.Computers,OU=UTO.CareDSPoly,OU=UTO,DC=asurite,DC=ad,DC=asu,DC=edu","GHOSTEE \","12/31/2018 9:57:24 AM","Windows 10 Enterprise"
"UTO4167455","None Found","True","CN=UTO4167455,OU=UTO.CareDSPoly.Computers,OU=UTO.CareDSPoly,OU=UTO,DC=asurite,DC=ad,DC=asu,DC=edu",,"1/11/2021 9:01:39 AM","Windows 10 Enterprise"
"UTO4155221","None Found","True","CN=UTO4155221,OU=UTO.CareDSPoly.Computers,OU=UTO.CareDSPoly,OU=UTO,DC=asurite,DC=ad,DC=asu,DC=edu",,"8/23/2021 10:31:47 AM","Windows 10 Enterprise"
"UTODSP4155223","None Found","True","CN=UTODSP4155223,OU=UTO.CareDSPoly.Computers,OU=UTO.CareDSPoly,OU=UTO,DC=asurite,DC=ad,DC=asu,DC=edu",,"8/30/2021 2:36:00 PM","Windows 10 Enterprise"
"UTOdspUNKNOWNv1","None Found","True","CN=UTOdspUNKNOWNv1,OU=UTO.CareDSPoly.Computers,OU=UTO.CareDSPoly,OU=UTO,DC=asurite,DC=ad,DC=asu,DC=edu","\ innotek GmbH VirtualBox \0",,
"UTO4108739V1","None Found","True","CN=UTO4108739V1,OU=UTO.CareDSPoly.Computers,OU=UTO.CareDSPoly,OU=UTO,DC=asurite,DC=ad,DC=asu,DC=edu",,"4/10/2018 11:04:38 AM","Windows 10 Enterprise"
"UTODSP4076902","None Found","True","CN=UTODSP4076902,OU=UTO.CareDSPoly.Computers,OU=UTO.CareDSPoly,OU=UTO,DC=asurite,DC=ad,DC=asu,DC=edu",,"3/5/2020 10:25:21 AM","Windows 10 Enterprise"
"UTODSP4108722","None Found","True","CN=UTODSP4108722,OU=UTO.CareDSPoly.Computers,OU=UTO.CareDSPoly,OU=UTO,DC=asurite,DC=ad,DC=asu,DC=edu",,"9/25/2021 3:26:49 PM","Windows 10 Enterprise"
"UTODSP4093955","None Found","True","CN=UTODSP4093955,OU=UTO.CareDSPoly.Computers,OU=UTO.CareDSPoly,OU=UTO,DC=asurite,DC=ad,DC=asu,DC=edu","Poly Classrooms Support ASU Sync Computer","7/14/2021 1:39:17 AM","Windows 10 Enterprise"
"UTOEMAILVM1","None Found","True","CN=UTOEMAILVM1,OU=UTO.CareDSPoly.Computers,OU=UTO.CareDSPoly,OU=UTO,DC=asurite,DC=ad,DC=asu,DC=edu",,"9/24/2021 3:11:38 PM","Windows 10 Enterprise"
"STVIL-CL5B0Q2","None Found","True","CN=STVIL-CL5B0Q2,OU=UTO.CareDSPoly.Computers,OU=UTO.CareDSPoly,OU=UTO,DC=asurite,DC=ad,DC=asu,DC=edu","West Desert Startup Village Computers (moved to Phantom Hall)","9/18/2021 8:41:20 PM","Windows 10 Enterprise"
"STVIL-CL5C0Q2","None Found","True","CN=STVIL-CL5C0Q2,OU=UTO.CareDSPoly.Computers,OU=UTO.CareDSPoly,OU=UTO,DC=asurite,DC=ad,DC=asu,DC=edu","West Desert Startup Village Computers (moved to Phantom Hall)","11/5/2018 1:55:50 PM","Windows 10 Enterprise"
"UTODSP4092898","None Found","True","CN=UTODSP4092898,OU=UTO.CareDSPoly.Computers,OU=UTO.CareDSPoly,OU=UTO,DC=asurite,DC=ad,DC=asu,DC=edu","7KZKTR1 \ Dell Inc. OptiPlex 990","12/22/2019 10:04:49 AM","Windows 10 Enterprise"
"UTODSP4092797","None Found","True","CN=UTODSP4092797,OU=UTO.CareDSPoly.Computers,OU=UTO.CareDSPoly,OU=UTO,DC=asurite,DC=ad,DC=asu,DC=edu","7KZRTR1 \ 4092797 -","9/24/2021 10:46:04 AM","Windows 10 Enterprise"
"UTO4155222","None Found","True","CN=UTO4155222,OU=UTO.CareDSPoly.Computers,OU=UTO.CareDSPoly,OU=UTO,DC=asurite,DC=ad,DC=asu,DC=edu",,"9/23/2021 9:35:49 AM","Windows 10 Enterprise"
"UTO4092785","None Found","True","CN=UTO4092785,OU=UTO.CareDSPoly.Computers,OU=UTO.CareDSPoly,OU=UTO,DC=asurite,DC=ad,DC=asu,DC=edu","Email SW","1/2/2019 12:10:42 PM","Windows 10 Enterprise"
"UTO4074198","None Found","True","CN=UTO4074198,OU=UTO.CareDSPoly.Computers,OU=UTO.CareDSPoly,OU=UTO,DC=asurite,DC=ad,DC=asu,DC=edu","3KV3XQ1 \ Dell Inc. OptiPlex 790","2/26/2020 2:29:37 PM","Windows 10 Enterprise"
"UTODSP4084928","None Found","True","CN=UTODSP4084928,OU=UTO.CareDSPoly.Computers,OU=UTO.CareDSPoly,OU=UTO,DC=asurite,DC=ad,DC=asu,DC=edu","DSS PolyTechnic Loaner \ Dell Inc. Optiplex 9010 AIO","2/4/2020 3:47:55 PM","Windows 10 Enterprise"
"UTO4092794","None Found","True","CN=UTO4092794,OU=UTO.CareDSPoly.Computers,OU=UTO.CareDSPoly,OU=UTO,DC=asurite,DC=ad,DC=asu,DC=edu","Email SW","1/2/2019 11:44:04 AM","Windows 10 Enterprise"
"UTO4108739","None Found","True","CN=UTO4108739,OU=UTO.CareDSPoly.Computers,OU=UTO.CareDSPoly,OU=UTO,DC=asurite,DC=ad,DC=asu,DC=edu","C9HR2H2 \ 4108739 - Dell Inc. Latitude 7480","2/14/2020 9:41:56 AM","Windows 10 Enterprise"
"UTODSP4093913","None Found","True","CN=UTODSP4093913,OU=UTO.CareDSPoly.Computers,OU=UTO.CareDSPoly,OU=UTO,DC=asurite,DC=ad,DC=asu,DC=edu",,"9/24/2021 11:33:11 AM","Windows 10 Enterprise"
"UTO4155092","None Found","True","CN=UTO4155092,OU=UTO.CareDSPoly.Computers,OU=UTO.CareDSPoly,OU=UTO,DC=asurite,DC=ad,DC=asu,DC=edu","Dell 7050 SFF - Cooley Ballroom Conference Room C","9/17/2021 8:45:52 PM","Windows 10 Enterprise"
